---创建数据库stu
CREATE DATABASE IF NOT EXISTS stu;

ALTER DATABASE stu
	DEFAULT CHARACTER SET utf8
	DEFAULT COLLATE utf8_general_ci;

---创建student表
CREATE TABLE Student
(Sno CHAR(9)PRIMARY KEY,
Sname CHAR(20) UNIQUE,
Ssex CHAR(2),
Sage SMALLINT,
Sdept CHAR(20)
)

---创建course表
CREATE TABLE Course
(Cno CHAR(4) PRIMARY KEY,
Cname CHAR(40) NOT NULL,
Cpno CHAR(4) comment '先行课',
Ccredit SMALLINT,
FOREIGN KEY(Cpno) REFERENCES Course(Cno)
)

创建sc表
CREATE TABLE SC
(Sno CHAR(9),
Cno CHAR(4),
Grade SMALLINT,
PRIMARY KEY(Sno,Cno),
FOREIGN KEY(Sno)REFERENCES Student(Sno),
FOREIGN KEY(Cno)REFERENCES Course(Cno)
)

INSERT INTO Student VALUES ('18111101','白刚耿','女',21,'BD');
INSERT INTO Student VALUES ('18111102','芮岭姣','女',21,'BD');
INSERT INTO Student VALUES ('18111103','董民培','女',20,'BD');
INSERT INTO Student VALUES ('18111104','宋习章','女',20,'BD');
INSERT INTO Student VALUES ('18111105','卓晗渤','女',18,'BD');
INSERT INTO Student VALUES ('18111106','尤碧莉','女',21,'BD');
INSERT INTO Student VALUES ('18111107','昌文贵','女',20,'BD');
INSERT INTO Student VALUES ('18111108','鲍屹化','女',21,'BD');
INSERT INTO Student VALUES ('18111109','邴群菲','女',21,'BD');
INSERT INTO Student VALUES ('18111110','张鉴沙','女',21,'BD');
INSERT INTO Student VALUES ('18111111','黄汝静','女',20,'AI');
INSERT INTO Student VALUES ('18111112','刘礼青','女',21,'AI');
INSERT INTO Student VALUES ('18111113','万跃蓓','女',20,'AI');
INSERT INTO Student VALUES ('18111114','卢碧颜','女',21,'AI');
INSERT INTO Student VALUES ('18111115','韩颖子','男',22,'AI');
INSERT INTO Student VALUES ('18111116','汪涌鉴','男',19,'AI');
INSERT INTO Student VALUES ('18111117','窦功北','男',22,'AI');
INSERT INTO Student VALUES ('18111118','姬凤沙','男',21,'AI');
INSERT INTO Student VALUES ('18111119','刘杰焕','男',20,'AI');
INSERT INTO Student VALUES ('18111120','吴珍凌','男',21,'AI');
INSERT INTO Student VALUES ('18111121','洪丰延','男',22,'CS');
INSERT INTO Student VALUES ('18111122','莫音达','男',19,'CS');
INSERT INTO Student VALUES ('18111123','吕焘添','男',22,'CS');
INSERT INTO Student VALUES ('18111124','薛泓桃','男',21,'CS');
INSERT INTO Student VALUES ('18111125','金野蒙','男',20,'CS');
INSERT INTO Student VALUES ('18111126','汪姗芬','男',21,'CS');
INSERT INTO Student VALUES ('18111127','翟如渤','男',22,'CS');
INSERT INTO Student VALUES ('18111128','刘明昭','男',21,'CS');
INSERT INTO Student VALUES ('18111129','侯芯霜','男',20,'CS');
INSERT INTO Student VALUES ('18111130','凌若霓','男',21,'CS');
INSERT INTO Student VALUES ('18111131','黄茂锟','男',22,'CS');
INSERT INTO Student VALUES ('18111132','彭沫霁','男',21,'CS');
INSERT INTO Student VALUES ('18111133','董沙','男',20,'CS');
INSERT INTO Student VALUES ('18111134','蔡霁','男',21,'CS');


INSERT INTO Course (Cno,Cname,Ccredit) VALUES('6','数据处理',2);
INSERT INTO Course (Cno,Cname,Ccredit) VALUES('2','数学',2);
INSERT INTO Course VALUES ('7','JAVA语言','6',4);
INSERT INTO Course VALUES ('4','操作系统','6',3);
INSERT INTO Course VALUES ('5','数据结构','7',4);
INSERT INTO Course VALUES ('1','数据库','5',4);
INSERT INTO Course VALUES ('3','信息系统','1',4);


INSERT INTO SC VALUES ('18111101','1',94);
INSERT INTO SC VALUES ('18111101','2',84);
INSERT INTO SC VALUES ('18111101','3',54);
INSERT INTO SC VALUES ('18111101','5',94);
INSERT INTO SC VALUES ('18111102','1',NULL);
INSERT INTO SC VALUES ('18111102','2',54);
INSERT INTO SC VALUES ('18111102','3',94);
INSERT INTO SC VALUES ('18111102','5',96);
INSERT INTO SC VALUES ('18111103','1',52);
INSERT INTO SC VALUES ('18111103','2',63);
INSERT INTO SC VALUES ('18111103','3',90);
INSERT INTO SC VALUES ('18111103','5',86);
INSERT INTO SC VALUES ('18111104','1',95);
INSERT INTO SC VALUES ('18111104','3',85);
INSERT INTO SC VALUES ('18111104','2',55);
INSERT INTO SC VALUES ('18111104','5',90);
INSERT INTO SC VALUES ('18111105','3',69);
INSERT INTO SC VALUES ('18111105','1',96);
INSERT INTO SC VALUES ('18111105','2',30);
INSERT INTO SC VALUES ('18111105','5',75);
INSERT INTO SC VALUES ('18111106','3',93);
INSERT INTO SC VALUES ('18111106','1',39);
INSERT INTO SC VALUES ('18111106','2',78);
INSERT INTO SC VALUES ('18111106','5',66);
INSERT INTO SC VALUES ('18111107','3',90);
INSERT INTO SC VALUES ('18111107','1',66);
INSERT INTO SC VALUES ('18111107','2',NULL);
INSERT INTO SC VALUES ('18111107','5',54);
INSERT INTO SC VALUES ('18111108','3',54);
INSERT INTO SC VALUES ('18111108','1',64);
INSERT INTO SC VALUES ('18111108','2',94);
INSERT INTO SC VALUES ('18111108','5',80);
INSERT INTO SC VALUES ('18111109','3',96);
INSERT INTO SC VALUES ('18111109','1',69);
INSERT INTO SC VALUES ('18111109','2',25);
INSERT INTO SC VALUES ('18111109','5',93);
INSERT INTO SC VALUES ('18111110','3',90);
INSERT INTO SC VALUES ('18111110','1',84);
INSERT INTO SC VALUES ('18111110','2',56);
INSERT INTO SC VALUES ('18111110','5',97);
INSERT INTO SC VALUES ('18111111','6',84);
INSERT INTO SC VALUES ('18111111','7',56);
INSERT INTO SC VALUES ('18111112','6',90);
INSERT INTO SC VALUES ('18111112','7',50);
INSERT INTO SC VALUES ('18111113','6',88);
INSERT INTO SC VALUES ('18111113','7',66);
INSERT INTO SC VALUES ('18111114','6',89);
INSERT INTO SC VALUES ('18111114','7',NULL);
INSERT INTO SC VALUES ('18111115','6',84);
INSERT INTO SC VALUES ('18111115','7',76);
INSERT INTO SC VALUES ('18111116','6',90);
INSERT INTO SC VALUES ('18111116','7',96);
INSERT INTO SC VALUES ('18111117','6',52);
INSERT INTO SC VALUES ('18111117','7',39);
INSERT INTO SC VALUES ('18111118','6',87);
INSERT INTO SC VALUES ('18111118','7',69);
INSERT INTO SC VALUES ('18111119','6',55);
INSERT INTO SC VALUES ('18111119','7',39);
INSERT INTO SC VALUES ('18111120','6',64);
INSERT INTO SC VALUES ('18111120','7',NULL);
INSERT INTO SC VALUES ('18111121','4',94);
INSERT INTO SC VALUES ('18111121','6',84);
INSERT INTO SC VALUES ('18111122','4',NULL);
INSERT INTO SC VALUES ('18111122','6',88);
INSERT INTO SC VALUES ('18111123','4',52);
INSERT INTO SC VALUES ('18111123','6',99);
INSERT INTO SC VALUES ('18111124','4',100);
INSERT INTO SC VALUES ('18111124','6',96);
INSERT INTO SC VALUES ('18111125','4',87);
INSERT INTO SC VALUES ('18111125','6',53);
INSERT INTO SC VALUES ('18111126','4',78);
INSERT INTO SC VALUES ('18111126','6',18);
INSERT INTO SC VALUES ('18111127','4',56);
INSERT INTO SC VALUES ('18111127','6',96);
INSERT INTO SC VALUES ('18111128','4',58);
INSERT INTO SC VALUES ('18111128','6',53);
INSERT INTO SC VALUES ('18111129','4',93);
INSERT INTO SC VALUES ('18111129','6',96);
INSERT INTO SC VALUES ('18111130','4',81);
INSERT INTO SC VALUES ('18111130','6',82);
INSERT INTO SC VALUES ('18111131','4',92);
INSERT INTO SC VALUES ('18111131','6',69);
INSERT INTO SC VALUES ('18111132','4',NULL);
INSERT INTO SC VALUES ('18111132','6',92);
INSERT INTO SC VALUES ('18111133','4',83);
INSERT INTO SC VALUES ('18111133','6',10);
INSERT INTO SC VALUES ('18111134','4',85);
INSERT INTO SC VALUES ('18111134','6',96);



training
1.
SELECT Sno,Sname 
FROM Student

2.
SELECT Sno,2020-Sage AS 出生年份 
FROM Student

3.
SELECT Sname,2020-Sage AS 出生年份,LOWER(Sdept) 
FROM Student

4.
SELECT Sname,Sno,Ssex 
FROM Student 
WHERE Sname LIKE '刘%'

5.
SELECT Sno,Cno 
FROM SC 
WHERE Grade IS NULL

6.
SELECT AVG(Grade) 
FROM SC 
WHERE Cno=1 

7.
SELECT Sno,AVG(Grade) 
FROM SC 
GROUP BY Sno 
HAVING AVG(Grade)>=90

8.
SELECT Sno,Cno 
FROM SC 
GROUP BY Sno,Cno

9.
SELECT SC.Sno,Sname 
FROM SC,Student 
WHERE Cno=2 AND Grade>90 AND SC.Sno=Student.Sno

10.
SELECT C1.Cno,C2.Cpno 
FROM Course C1,Course C2 
WHERE C1.Cpno=C2.Cno

11.
SELECT Sno,Cno 
FROM SC a 
WHERE Grade>=(SELECT AVG(Grade) 
	      FROM SC b 
	      WHERE a.Sno=b.Sno)
		  
---where换成group by a.Sno后不对，后者求出的是整个表的平均值

12.
SELECT Sname,Sage 
FROM Student 
WHERE Sage<ALL(SELECT Sage FROM Student WHERE Sdept='CS') AND Sdept<>'CS'

13.
SELECT Sno,Sname 
FROM Student 
WHERE Sdept='CS'AND Sage>19

14.
SELECT Sno 
FROM SC 
WHERE Grade<60

15.
SELECT Sname,Sno,Ssex 
FROM Student 
WHERE Sname NOT LIKE '刘%'
































